Wall superheat,Heat flux
13.2558,2.2999e+05
15.3488,3.669e+05
16.794,5.1731e+05
18.4884,7.806e+05
20.9801,1.12446e+06
23.2226,1.42265e+06
