Wall superheat,Heat flux
9.9495,4.0117e+05
15.4545,4.5963e+05
21.2626,6.4351e+05
23.7879,9.3845e+05
26.2121,1.52491e+06
27.0707,1.93442e+06
